{"cameraMode":{"drawMode":0,"name":"Shaded","section":"Shading Mode"},"sceneLighting":true,"audioPlay":false,"sceneViewState":{"showFog":false,"showMaterialUpdate":false,"showSkybox":false,"showFlares":false,"showImageEffects":false,"showParticleSystems":false},"in2DMode":false,"pivot":{"x":-1.0669822692871094,"y":-8.777259826660157,"z":-11.950170516967774},"rotation":{"x":-0.12760421633720399,"y":0.8623464703559876,"z":-0.26846587657928469,"w":-0.40988028049468996},"size":95.45520782470703,"orthographic":false}